INSERT INTO StaffTable
VALUES  ('ST241', 'Thanan Jandra', 'Thanjandra@rocalink.com','081296209563','Male', '400000'),
		('ST242','Kyori Anasya','Kyorianasya@rocalink.com','087656435567','Female','544000'),
		('ST243','Anastasya Hermawan','Anastasya@rocalink.com','081299878765','Female','700000'),
		('ST244','Michael jocu','Michael@rocalink.com','081233445678','Male','800000'),
		('ST245','Michael Vincentius','michaelvi@rocalink.com','081211930011','Male','850000'),
		('ST246','Jordan Virnando','Jordanv@rocalink.com','081255337877','Male','770000'),
		('ST247','Jonathan Surya','Jonathansu@rocalink.com','081257656632','Male','660000'),
		('ST248','Monalisa','monalisa@rocalink.com','087612233567','Female','750000'),
		('ST249','Joaquin','joaquinsayu@rocalink.com','083165667653','Male','730000'),
		('ST250','Sakura','Sakura@rocalink.com','081299832321','Male','400000');
INSERT INTO TypeBike 
VALUES	('BT301', 'mountain bike'),
		('BT302', 'road bike'),
		('BT303', 'folding bike'),
		('BT304', 'road bike'),
		('BT305', 'mountain bike'),
		('BT306', 'BMX small bike'),
		('BT307', 'folding bike'),
		('BT308', 'folding bike'),
		('BT309', 'road bike'),
		('BT310', 'mountain bike');
INSERT INTO BicycleSold
VALUES	('BK221','Polygon rr','BT301' ,'100000000'),
		('BK222','Wymcycle 12','BT302','250000000'),
		('BK223','United asia','BT303','390000000'),
		('BK224','Odessy siap','BT304','270000000'),
		('BK225','Atlantis water','BT305','150000000'),
		('BK226','Pacific eco','BT306','250000000'),
		('BK227','Solyx tq','BT307','100000000'),
		('BK228','Aviator kuat','BT308','150000000'),
		('BK229','United asia','BT309','250000000'),
		('BK230','Pacific eco','BT308','180000000');
INSERT INTO Brand
VALUES	('BR501','BT301','Polygon', 'Mountain bike', 'www.polygon.com', 'Indonesia'),
		('BR502','BT302','Wymcycle', 'road bike', 'www.Wymcycle.com', 'Indonesia'),
		('BR503','BT303','United', 'folding bike', 'www.UnitedBike.com', 'Indonesia'),
		('BR504','BT304','Odessy', 'mountain bike', 'www.Odessy.com', 'Indonesia'),
		('BR505','BT305','Atlantis', 'road bike', 'www.Atlantis.com', 'Indonesia'),
		('BR506','BT306','Pacific', 'BMX small bike', 'www.Pacific.com', 'Indonesia'),
		('BR507','BT307','Avand', 'road bike', 'www.Avand.com', 'Indonesia'),
		('BR508','BT308','Cannondale', 'race bike', 'www.Cannondale.com', 'Canada'),
		('BR509','BT309','Brompton', 'road bike', 'www.Brompton.com', 'United Kingdom'),
		('BR510','BT310','Kona', 'folding bike', 'www.Kona.com', 'USA');
INSERT INTO CustomerTable
VALUES	('CU671','Nabel','081232144822', 'Male','abel@gmail.com'),
		('CU672','Suryadi','087667654432', 'Male','suryadi@gmail.com'),
		('CU673','Alex kunjangdi','086576659805', 'Male','alexkun@gmail.com'),
		('CU674','Edrick guntur','082188973243', 'Male','edrick12@gmail.com'),
		('CU675','Kezia Wijaya','089712123131', 'Female','Malikyudi@gmail.com'),
		('CU676','Cyntia Bella','085543256131', 'Female','Ranggaorlando@gmail.com'),
		('CU677','Darren frtiz','082899637251', 'Male','Darrenfritz@gmail.com'),
		('CU678','Ayano Kouji','089062002123','Male','Ayanokouji@gmail.com'),
		('CU679','Kirito ','081132435777','Male','kiritokun@gmail.com'),
		('CU680','Yundaime','087091227253','Female','yundaime@gmail.com');
INSERT INTO GroupSets
VALUES	('GR441','BT301', 'yonexoy' , '8', 'TRUE'),
		('GR442','BT302', 'kungangi', '7', 'TRUE'),
		('GR443','BT303', 'turbo', '8', 'TRUE'),
		('GR444','BT304', 'malefic', '6', 'FALSE'),
		('GR445','BT305', 'Shimano', '9', 'TRUE'),
		('GR446','BT306', 'phoxes', '6', 'FALSE'),
		('GR447','BT307', 'Shimano TX', '10', 'FALSE'),
		('GR448','BT308', 'yurasa', '10', 'TRUE'),
		('GR449','BT309', 'shiba', '11', 'FALSE'),
		('GR450','BT310', 'sarasa', '11', 'TRUE');
INSERT INTO TransactionHeader 
 VALUES	('TR111','ST241','CU671','12-01-2021','Polygon rr'),
		('TR112','ST242','CU672','08-09-2021','Wymcycles 12'),
		('TR113','ST243','CU673','04-01-2021','United asia'),
		('TR114','ST244','CU674','05-11-2021','Odessy siap'),
		('TR115','ST245','CU675','05-06-2021','Atlantis water'),
		('TR116','ST246','CU676','07-06-2021','Pacific eco'),
		('TR117','ST247','CU677','08-02-2021','Polygon tq'),
		('TR118','ST248','CU678','03-05-2021','Aviator kuat'),
		('TR119','ST249','CU679','07-02-2021','United asia'),
		('TR120','ST250','CU680','03-01-2021','Pacific eco'),
		('TR121','ST248','CU680','02-04-2021','Aviator kuat'),
		('TR122','ST242','CU672','04-12-2021','Odessy siap'),
		('TR123','ST246','CU672','06-12-2021','Atlantis water'),
		('TR124','ST241','CU672','09-12-2022','United asia'),
		('TR125','ST248','CU672','05-12-2022','Polygon rr');
INSERT INTO TransactionDetail VALUES 
('TR111','BK221','4'),
('TR112','BK230','8'),
('TR113','BK225','6'),
('TR114','BK230','9'),
('TR115','BK224','6'),
('TR116','BK222','4'),
('TR117','BK227','7'),
('TR118','BK226','3'),
('TR119','BK229','6'),
('TR120','BK223','3'),
('TR121','BK221','1'),
('TR122','BK221','8'),
('TR123','BK230','7'),
('TR124','BK224','8'),
('TR125','BK225','3'),
('TR123','BK227','8'),
('TR125','BK230','5'),
('TR121','BK224','6'),
('TR112','BK226','4'),
('TR115','BK222','2'),
('TR125','BK228','8'),
('TR111','BK230','8'),
('TR111','BK224','2'),
('TR119','BK221','1'),
('TR114','BK225','5');

